,Anomaly Detection,Defect Classification,Defect Localization,Defect Description,Defect Analysis,Object Classification,Object Analysis,Average,Recall,Precision,F1,Overkill,Miss
DS-MVTec,63.84746268133101,50.53941908713693,55.65800502933781,67.76586974443528,87.71784232365145,70.47413793103449,81.63862472567666,68.2344802175148,33.931484502446985,93.48314606741573,49.790544584081395,6.236559139784948,66.06851549755302
MVTec-LOCO,49.720275291335916,24.94908350305499,41.955193482688394,49.28131416837782,68.86792452830188,69.30147058823529,76.83302526186075,54.415469546265,3.6290322580645165,60.0,6.844106463878327,4.188481675392675,96.37096774193549
VisA,58.15706453137697,45.714285714285715,59.48203842940685,52.18487394957984,75.15047291487532,76.2566844919786,76.37205987170348,63.331068557600965,28.297161936560933,75.0,41.090909090909086,11.983032873806998,71.70283806343906
GoodsAD,51.682144463625605,45.9954233409611,35.98937583001328,60.840210052513136,74.65753424657534,81.33773740710157,76.15087615087614,60.950471641666596,5.885959534028204,75.0,10.915292779988627,2.5216706067769934,94.1140404659718
Average,55.85173674191737,41.79955291135968,48.27115319286158,57.518066978726516,76.59844350335099,74.3425076045875,77.74864650252925,61.732872490761835,17.935909557775158,75.87078651685394,27.160213229714362,6.232436073940404,82.06409044222484
