,Anomaly Detection,Defect Classification,Defect Localization,Defect Description,Defect Analysis,Object Classification,Object Analysis,Average,Recall,Precision,F1,Overkill,Miss
DS-MVTec,50.0,46.39004149377593,54.8197820620285,61.25309150865622,85.14522821576763,70.47413793103449,73.51865398683248,63.08584788544217,100.0,72.50147841513898,84.05896468974974,100.0,0.0
MVTec-LOCO,49.83524390587176,22.301425661914458,43.4826883910387,47.43326488706365,64.15094339622641,69.66911764705883,72.39679605668515,52.752782849408426,99.49596774193549,63.30981398332264,77.38141905135241,99.82547993019197,0.5040322580645129
VisA,49.95826377295492,40.50420168067227,52.71512113617377,61.260504201680675,68.61564918314703,68.77005347593584,66.89237348538846,58.38802384799328,99.91652754590984,55.93457943925234,71.71959257040145,100.0,0.08347245409014992
GoodsAD,50.03498025596463,45.91914569031274,33.66533864541832,62.71567891972993,74.45205479452055,85.54913294797689,71.10187110187111,60.49117176511345,99.75475168608216,56.25864453665284,71.94340039796596,99.68479117415288,0.24524831391784518
Average,49.957121983697824,38.77870363166885,46.170732558664824,58.165634879282614,73.09096889741541,73.6156105005015,70.9774236576943,58.67945658698933,99.79181174348187,62.00112909359169,76.27584417736739,99.87756777608621,0.208188256518127
