,Anomaly Detection,Defect Classification,Defect Localization,Defect Description,Defect Analysis,Object Classification,Object Analysis,Average,Recall,Precision,F1,Overkill,Miss
DS-MVTec,84.86679833223612,78.40531561461795,71.30872483221476,81.68316831683168,91.27906976744185,96.76724137931035,90.05120702267739,84.90878932361859,75.75510204081633,97.07112970711297,85.09857863365428,6.0215053763440824,24.244897959183675
MVTec-LOCO,63.185273897591344,56.13496932515337,54.90797546012271,67.93814432989691,76.94736842105263,81.25,78.18853974121997,68.36461016786242,41.902834008097166,82.30616302186878,55.53319919517102,15.532286212914482,58.097165991902834
VisA,71.8413199542255,51.48342059336824,59.496964440589764,64.48516579406632,78.67975022301516,91.22055674518201,82.19764537995006,71.34354616148529,48.353552859618716,92.69102990033223,63.55353075170843,4.670912951167727,51.64644714038129
GoodsAD,54.63421893093039,54.43833464257659,48.53840924541129,67.41312741312741,82.92340126493323,87.55221386800334,78.582156803845,67.72598030983247,15.881983678593848,75.29761904761905,26.231207879730427,6.613545816733069,84.11801632140616
Average,68.63190277874583,60.115510043929035,58.563018494584625,70.37990146348058,82.45739741911072,89.19750299812392,82.25488723692311,73.08573149069969,45.47336814678152,86.84148541923325,57.60412911506604,8.209562589289842,54.52663185321849
