,Anomaly Detection,Defect Classification,Defect Localization,Defect Description,Defect Analysis,Object Classification,Object Analysis,Average,Recall,Precision,F1,Overkill,Miss
DS-MVTec,69.04874668911927,56.51452282157676,53.05951383067896,70.65127782357791,86.72199170124482,63.793103448275865,87.78346744696415,69.65323196591967,55.301794453507334,89.44591029023746,68.34677419354838,17.204301075268813,44.698205546492666
MVTec-LOCO,52.72054270112031,31.364562118126273,44.5010183299389,50.616016427104725,76.62473794549265,66.72794117647058,76.2784966112138,56.97618790135247,14.516129032258066,73.46938775510205,24.242424242424242,9.075043630017454,85.48387096774194
VisA,66.11527342318499,37.3109243697479,54.218880534670014,60.588235294117645,71.71109200343938,77.75401069518718,79.50819672131148,63.88665900595122,41.98664440734557,84.53781512605042,56.10708310094813,9.756097560975608,58.01335559265443
GoodsAD,51.99793307272077,50.190694126620905,39.8406374501992,48.53713428357089,77.32876712328766,88.4393063583815,77.9031779031779,62.033950045422685,9.196811771919068,69.44444444444444,16.24255549539794,5.200945626477537,90.80318822808093
Average,59.970623971536334,43.845175859017964,47.90501253637177,57.59816595709279,78.09664719336612,74.17859041957878,80.36833467066683,63.13750722966151,30.25034491625751,79.2243894039586,41.234709258079675,10.309096973184854,69.74965508374248
