,Anomaly Detection,Defect Classification,Defect Localization,Defect Description,Defect Analysis,Object Classification,Object Analysis,Average,Recall,Precision,F1,Overkill,Miss
DS-MVTec,62.278675296882945,41.57676348547718,34.61860854987427,49.21681780708986,51.6182572614108,82.32758620689656,72.20190197512801,56.262658654679946,44.127243066884176,85.60126582278481,58.23466092572659,19.569892473118276,55.87275693311582
MVTec-LOCO,50.923971176040084,25.967413441955195,31.160896130346234,34.18891170431211,48.63731656184486,74.44852941176471,65.55760936537277,47.269235398805144,7.258064516129033,69.90291262135922,13.15068493150685,5.41012216404887,92.74193548387096
VisA,57.662824396263126,26.80672268907563,37.9281537176274,43.69747899159664,48.58125537403267,74.22459893048128,63.79187455452602,50.38470123622897,30.38397328881469,71.93675889328063,42.72300469483568,15.058324496288444,69.61602671118531
GoodsAD,51.55106513429955,35.774218154080856,37.84860557768924,46.73668417104276,47.73972602739726,81.58546655656482,67.32996732996733,52.652247564434546,7.357449417535254,68.96551724137932,13.296398891966756,4.255319148936165,92.64255058246475
Average,55.604134000871426,32.53127944264722,35.38906599388429,43.459973168510345,49.1441388061714,78.14654527642685,67.22033830624852,51.64221071353715,22.281682572340788,74.10161364470099,31.851187361008968,11.073414570597938,77.71831742765922
