,Anomaly Detection,Defect Classification,Defect Localization,Defect Description,Defect Analysis,Object Classification,Object Analysis,Average,Recall,Precision,F1,Overkill,Miss
DS-MVTec,76.69324141802171,63.65145228215767,47.359597652975694,74.11376751854905,89.79253112033196,89.65517241379311,87.4908558888076,75.53665975637668,83.278955954323,88.01724137931033,85.58256496227996,29.89247311827957,16.721044045677004
MVTec-LOCO,59.31562447221753,36.354378818737274,39.205702647657844,59.24024640657084,76.51991614255765,88.97058823529412,77.69562538508934,62.47172601544638,70.46370967741935,70.18072289156626,70.32193158953723,51.83246073298429,29.536290322580648
VisA,66.96783433683215,41.76470588235294,37.092731829573935,58.4873949579832,74.80653482373172,94.11764705882352,81.75338560228083,64.99860492736833,67.4457429048414,71.88612099644128,69.59517657192075,33.510074231177086,32.554257095158604
GoodsAD,54.35876214343934,52.55530129672006,31.341301460823374,62.86571642910728,80.47945205479452,81.5028901734104,72.02257202257202,62.160856511552424,40.71122011036174,62.05607476635514,49.16697519437246,31.99369582348306,59.288779889638256
Average,64.33386559262767,48.58145956999199,38.74983339775771,63.6767813280526,80.39960853535396,88.5615744703303,79.74060972468746,66.29196180268595,65.47490716173637,73.03504000841825,68.6666620795276,36.807175976481,34.525092838263625
