,Anomaly Detection,Defect Classification,Defect Localization,Defect Description,Defect Analysis,Object Classification,Object Analysis,Average,Recall,Precision,F1,Overkill,Miss
DS-MVTec,66.41995123576979,63.65145228215767,50.88013411567477,76.5045342126958,89.46058091286308,94.18103448275862,88.29553767373811,75.6276035593797,53.91517128874388,87.08827404479578,66.59949622166246,21.075268817204297,46.08482871125612
MVTec-LOCO,51.607625401114674,32.07739307535641,38.90020366598778,57.59753593429158,70.44025157232704,95.40441176470588,78.4966112138016,60.64629037536928,27.82258064516129,66.18705035971223,39.17672107877927,24.607329842931936,72.17741935483872
VisA,60.517484956369486,49.66386554621849,44.3609022556391,68.65546218487395,69.56147893379192,94.33155080213905,83.82038488952244,67.27301850979349,41.819699499165274,71.87948350071736,52.875989445910285,20.784729586426298,58.180300500834726
GoodsAD,50.68540042971602,51.48741418764302,38.97742363877822,60.69017254313578,71.5068493150685,84.14533443435177,72.58687258687259,61.43992387650941,13.979153893316983,58.76288659793815,22.58543833580981,12.608353033884946,86.02084610668301
Average,57.30761550574249,49.2200312728439,43.27966591901997,65.86192621874928,75.24229018351264,92.01558287098882,80.79985159098369,66.24670908026296,34.384151331596854,70.97942362579087,45.30941127054046,19.768920320111867,65.61584866840315
