,Anomaly Detection,Defect Classification,Defect Localization,Defect Description,Defect Analysis,Object Classification,Object Analysis,Average,Recall,Precision,F1,Overkill,Miss
MVTec-LOCO,51.57738095238095,62.56684491978609,45.78947368421053,64.73684210526316,82.5136612021858,82.82828282828282,78.2312925170068,66.89196831558803,14.583333333333334,70.0,24.137931034482758,11.428571428571432,85.41666666666666
DS-MVTec,78.46153846153847,68.44444444444444,65.04424778761062,79.47598253275109,87.01298701298701,91.11111111111111,87.87878787878788,79.63272846131865,65.8119658119658,95.06172839506173,77.77777777777777,8.888888888888891,34.18803418803419
GoodsAD,49.32488547164251,54.44444444444444,42.567567567567565,62.264150943396224,74.31506849315068,84.40366972477065,75.24916943521595,63.224136582884,13.496932515337424,56.41025641025641,21.782178217821784,14.847161572052403,86.50306748466258
VisA,61.17720883534137,47.89915966386555,41.84100418410041,62.0253164556962,72.60869565217392,82.42424242424242,77.97979797979798,63.70791788503112,29.583333333333332,85.54216867469879,43.962848297213625,7.2289156626506035,70.41666666666666
Average,60.13525343022582,58.338723368135135,48.81057330587228,67.12557300927666,79.11260309012435,85.19182652210175,79.83476195270215,68.36418781120545,30.86889124849247,76.75353837000424,41.91518383182398,10.598384388040834,69.13110875150753
