,Anomaly Detection,Defect Classification,Defect Localization,Defect Description,Defect Analysis,Object Classification,Object Analysis,Average,Recall,Precision,F1
DS-MVTec,85.44764861688505,72.78008298755186,70.99748533109808,81.53338829348722,92.5311203319502,96.12068965517241,92.39209948792977,84.54321638629638,76.91680261011419,97.11637487126673,85.84433318161129
MVTec-LOCO,59.51081602206833,40.32586558044807,47.35234215885947,69.71252566735113,74.21383647798741,88.05147058823529,81.8237831176833,65.85580565894757,32.45967741935484,80.7017543859649,46.297627606038816
VisA,71.93621571477384,56.80672268907563,52.046783625730995,74.03361344537815,77.04213241616509,91.12299465240642,85.85174625801854,72.69145840022124,45.99332220367279,96.49737302977232,62.295081967213115
GoodsAD,58.70844101599284,59.57284515636918,51.06241699867198,69.31732933233309,80.0,92.48554913294798,81.82358182358183,70.42430906569956,29.55242182709994,75.78616352201259,42.523158359064844
Average,68.90078034243001,57.37137910336118,55.36475702859013,73.6492141846374,80.94677230652567,91.94517600719053,85.47280267180336,73.37869737779118,46.23055601506044,87.52541645225413,59.240050278482016
