,Anomaly Detection,Defect Classification,Defect Localization,Defect Description,Defect Analysis,Object Classification,Object Analysis,Average,Recall,Precision,F1
DS-MVTec,89.29940886526688,80.66390041493776,81.64291701592624,85.5729596042869,94.35684647302904,98.49137931034483,94.73299195318215,89.25148623385338,94.94290375203916,93.87096774193549,94.40389294403893
MVTec-LOCO,67.99966925631932,49.79633401221996,58.65580448065173,74.64065708418892,78.61635220125787,87.86764705882352,84.7196549599507,71.75658843620172,51.00806451612904,85.47297297297297,63.888888888888886
VisA,84.58654137241814,60.588235294117645,70.00835421888053,74.87394957983193,82.1152192605331,88.87700534759358,88.88096935138988,78.5614677749664,75.95993322203672,93.42915811088297,83.79373848987109
GoodsAD,62.79337636291339,57.20823798627003,66.79946879150066,73.21830457614404,85.89041095890411,93.39388934764658,85.0905850905851,74.91346758770912,31.57572041692213,87.1404399323181,46.35463546354635
Average,76.16974896422943,62.064176926886354,69.27663612673979,77.07646771111294,85.24470722343102,92.15748026610213,88.35605033877695,78.62075250818266,63.37165547678177,89.97838468952737,72.11028894658631
