,Anomaly Detection,Defect Classification,Defect Localization,Defect Description,Defect Analysis,Object Classification,Object Analysis,Average,Recall,Precision,F1,Overkill,Miss
DS-MVTec,58.429107684751536,37.84232365145228,33.10980720871752,37.675185490519375,77.34439834024897,51.077586206896555,72.12874908558888,52.51530823831073,66.96574225122349,77.89373814041745,72.01754385964912,50.10752688172043,33.03425774877651
MVTec-LOCO,50.66377441873557,23.319755600814666,28.411405295315685,40.75975359342916,57.44234800838575,77.20588235294117,69.93222427603204,49.67644907795058,9.879032258064516,66.66666666666666,17.20807726075505,8.551483420593364,90.12096774193549
VisA,54.82529206507134,33.865546218487395,28.654970760233915,46.63865546218487,55.28804815133276,88.1283422459893,66.10833927298646,53.35845631089801,75.29215358931552,59.30309007232084,66.34792203015814,65.64156945917286,24.707846410684475
GoodsAD,50.68271893219387,30.282227307398934,24.302788844621514,41.56039009752438,65.89041095890411,81.42031379025599,63.58776358776359,51.10380193123748,23.666462293071735,57.69805680119582,33.565217391304344,22.301024428684002,76.33353770692827
Average,53.650223275188075,31.327463194538318,28.619743027222157,41.658496160914446,63.9913013647179,74.45803114902075,67.93926905559275,51.663503889599205,43.95084759791881,65.3903879201502,47.28469013546667,36.650401047542665,56.049152402081184
