,Anomaly Detection,Defect Classification,Defect Localization,Defect Description,Defect Analysis,Object Classification,Object Analysis,Average,Recall,Precision,F1,Overkill,Miss
DS-MVTec,54.882825518777736,64.64730290456431,46.94048616932104,74.85572959604286,84.39834024896265,88.79310344827587,88.36869056327726,71.84092549274597,10.195758564437195,98.4251968503937,18.477457501847745,0.4301075268817178,89.8042414355628
MVTec-LOCO,50.14522814276867,29.735234215885946,40.52953156822811,51.437371663244356,62.05450733752621,95.58823529411765,78.00369685767097,58.213400725634564,1.5120967741935485,68.18181818181817,2.9585798816568047,1.221640488656195,98.48790322580645
VisA,51.7765558362559,38.73949579831933,37.092731829573935,57.815126050420176,64.402407566638,94.11764705882352,81.04062722736992,60.71208448105725,4.507512520868113,85.71428571428571,8.564631245043616,0.9544008483563071,95.49248747913188
GoodsAD,50.26764244187311,51.41113653699466,42.82868525896414,64.6661665416354,68.08219178082192,82.74153592072668,76.29937629937629,62.32810496862745,3.3721643163703248,60.43956043956044,6.3879210220673635,2.8368794326241176,96.62783568362967
Average,51.768062984918856,46.13329236394106,41.847858706521805,62.193598462835695,69.73436173348719,90.31013043048593,80.9280977369236,63.27362891701631,4.896883043967295,78.19021529651451,9.097147412653882,1.3607570741295842,95.1031169560327
