,Anomaly Detection,Defect Classification,Defect Localization,Defect Description,Defect Analysis,Object Classification,Object Analysis,Average,Recall,Precision,F1,Overkill,Miss
DS-MVTec,51.05316704380011,38.838174273858925,45.09639564124057,51.69002473206925,82.24066390041493,60.775862068965516,71.54352596927579,57.319687661375006,96.08482871125612,72.94117647058823,82.92854628651882,93.97849462365592,3.9151712887438794
MVTec-LOCO,49.31828097731239,23.930753564154784,35.437881873727086,38.70636550308008,63.20754716981132,55.88235294117647,71.28773875539125,48.25298868352191,93.75,63.05084745762712,75.39521686258614,95.11343804537522,6.25
VisA,54.43621128887488,34.285714285714285,37.67752715121136,53.69747899159664,63.71453138435081,75.8288770053476,65.28866714183891,54.989858178419205,93.07178631051754,58.40754321634364,71.77341486964917,84.19936373276776,6.928213689482465
GoodsAD,50.49404780022988,51.106025934401224,28.286852589641438,58.289572393098275,70.0,80.67712634186623,70.00297000297,58.408085008886715,96.25996321275291,56.49514213745952,71.20181405895691,95.27186761229315,3.740036787247092
Average,51.32542677755431,37.04016701453231,36.62466431395511,50.59586040496106,69.79068561364426,68.29105458933896,69.530725467369,54.742654883050704,94.79164455863165,62.72367732050463,75.32474801942776,92.140791003523,5.20835544136836
