,Anomaly Detection,Defect Classification,Defect Localization,Defect Description,Defect Analysis,Object Classification,Object Analysis,Average,Recall,Precision,F1
DS-MVTec,85.2174218105913,73.6929460580913,80.9723386420788,83.2646331409728,92.78008298755186,98.49137931034483,93.19678127286028,86.80222617464162,86.13376835236541,93.53410097431355,89.68152866242039
MVTec-LOCO,66.41605795755221,55.397148676171085,58.35030549898167,69.81519507186859,75.47169811320755,89.70588235294117,81.76216882316697,70.98835092769846,46.270161290322584,85.63432835820896,60.07853403141361
VisA,76.59659878517925,55.46218487394958,65.8312447786132,69.66386554621849,80.91143594153053,95.29411764705881,88.77405559515324,76.0762147382433,64.85809682804674,87.59864712514093,74.53237410071942
GoodsAD,62.39187646365073,64.6834477498093,63.47941567065073,71.49287321830458,78.63013698630137,93.72419488026425,83.3976833976834,73.97137548095205,38.81054567749847,78.05178791615289,51.842751842751845
Average,72.65548875424338,62.30893183950532,67.15832614758109,73.55914174434112,81.94833850714782,94.30389354765225,86.78267227221598,76.95954183038386,59.018143037058294,86.20471609345408,69.03379715932633
