,Anomaly Detection,Defect Classification,Defect Localization,Defect Description,Defect Analysis,Object Classification,Object Analysis,Average,Recall,Precision,F1,Overkill,Miss
DS-MVTec,82.836832780789,27.800829875518673,28.331936295054483,34.624896949711456,34.356846473029044,25.0,35.040234089246525,38.28451092333559,90.61990212071778,90.54604726976365,90.58295964125561,24.94623655913979,9.380097879282223
MVTec-LOCO,59.58400185779429,25.661914460285136,27.494908350305497,38.50102669404517,29.140461215932913,29.044117647058826,35.18176216882317,34.944027484892146,64.71774193548387,71.09634551495017,67.75725593667546,45.54973821989529,35.28225806451613
VisA,74.88474959148952,27.22689075630252,28.905597326649957,38.655462184873954,32.41616509028375,33.155080213903744,36.17248752672844,38.77377609860456,73.20534223706177,79.87249544626593,76.3937282229965,23.435843054082717,26.794657762938236
GoodsAD,50.05689123121321,27.68878718535469,29.482071713147413,31.357839459864966,31.84931506849315,28.075970272502065,31.095931095931096,32.80097228950094,99.87737584304108,56.26943005181347,71.98409191338932,99.76359338061465,0.12262415695891704
Average,66.84061886532152,27.094605569365257,28.55362842128934,35.78480632212389,31.940696961934712,28.818792033366158,34.372603720182305,36.200821699083306,82.10509053407613,74.4460795706983,76.67950892857922,48.423852803433114,17.894909465923877
