,Anomaly Detection,Defect Classification,Defect Localization,Defect Description,Defect Analysis,Object Classification,Object Analysis,Average,Recall,Precision,F1,Overkill,Miss
DS-MVTec,64.07146240067358,70.45643153526972,58.17267393126572,77.49381698268755,91.78423236514523,96.55172413793103,85.00365764447696,77.64771414249283,92.65905383360521,79.10863509749304,85.34936138241925,64.51612903225806,7.3409461663947795
MVTec-LOCO,54.33773067555645,49.643221202854235,49.643221202854235,64.5426515930113,78.48898216159496,89.52205882352942,75.16943930991991,65.90675785276007,89.3037336024218,65.70155902004454,75.70573139435415,80.6282722513089,10.696266397578203
VisA,63.626990562927176,48.984771573604064,50.294365012615636,66.15905245346869,78.78787878787878,92.29946524064171,82.03848895224519,68.88443036905446,73.27731092436974,66.7687595712098,69.87179487179486,46.02332979851538,26.722689075630257
GoodsAD,52.265684040328296,49.73056197074673,38.276553106212425,57.9106737320212,79.88980716253444,87.5,76.62298987492555,63.17089569810981,59.2707045735476,58.05084745762712,58.65443425076453,54.739336492891,40.7292954264524
Average,58.575466919871374,54.703746570618684,49.096703313237,66.52654869029719,82.23772511928836,91.46831205052554,79.7086439453919,68.90244951560429,78.6277007334861,67.40745028659363,72.3953304748332,61.47676689374334,21.372299266513913
