,Anomaly Detection,Defect Classification,Defect Localization,Defect Description,Defect Analysis,Object Classification,Object Analysis,Average,Recall,Precision,F1,Overkill,Miss
DS-MVTec,68.37823852374186,42.489626556016596,55.74182732606874,54.82275350370981,82.32365145228215,80.81896551724138,81.49231894659839,66.58105454652271,38.907014681892335,97.94661190965093,55.69176882661997,2.1505376344086002,61.09298531810767
MVTec-LOCO,51.038939790575924,24.745417515274948,45.621181262729124,44.558521560574945,60.901467505241094,78.125,69.43930991990142,53.489976793471065,3.125,83.78378378378379,6.025267249757046,1.0471204188481686,96.875
VisA,59.79778952903124,27.058823529411764,46.03174603174603,53.529411764705884,63.37059329320722,84.59893048128342,75.5880256593015,58.56790289838386,20.868113522537563,95.41984732824427,34.24657534246575,1.2725344644750836,79.13188647746243
GoodsAD,51.36212826834687,40.884820747520976,43.49269588313413,54.46361590397599,65.13698630136986,81.99834847233691,73.12147312147313,58.63715267116542,3.4334763948497855,86.15384615384616,6.60377358490566,0.7092198581560294,96.56652360515021
Average,57.64427402792398,33.79467208705607,47.721862625919506,51.84357568324165,67.93317463802508,81.38531111771543,74.9102819118186,59.31902172738576,16.58340114981992,90.8260222938813,25.641846250937107,1.2948530939719705,83.41659885018008
