,Anomaly Detection,Defect Classification,Defect Localization,Defect Description,Defect Analysis,Object Classification,Object Analysis,Average,Recall,Precision,F1
DS-MVTec,86.40039292041608,73.11203319502074,74.60184409052808,74.60840890354493,90.70539419087137,99.56896551724138,92.97732260424286,84.56776591740936,81.40293637846656,96.14643545279384,88.1625441696113
MVTec-LOCO,61.51850053481957,44.5010183299389,51.83299389002036,59.856262833675565,72.95597484276729,89.70588235294117,78.9279112754159,65.61407772279698,55.846774193548384,74.66307277628033,63.89850057670127
VisA,75.5906804731109,51.26050420168067,61.06934001670844,63.613445378151255,73.34479793637145,86.41711229946523,82.85816108339273,70.59343448412582,58.180300500834726,91.34993446920052,71.08618052014279
GoodsAD,60.9041768068341,55.22501906941266,55.24568393094289,58.43960990247562,76.02739726027397,90.2559867877787,79.92277992277992,68.00295052578541,68.30165542611894,65.3755868544601,66.80659670164918
Average,71.10343768379516,56.02464369901325,60.687465482049944,64.12943175446185,78.25839105757102,91.48698673935662,83.67154372145785,72.19455716252939,65.93291662474215,81.8837573881837,72.48845549202613
