,Anomaly Detection,Defect Classification,Defect Localization,Defect Description,Defect Analysis,Object Classification,Object Analysis,Average,Recall,Precision,F1,Overkill,Miss
DS-MVTec,84.19047869634619,73.94190871369295,71.83570829840737,80.37922506183017,91.95020746887967,82.32758620689656,87.85662033650328,81.78310496893661,82.78955954323001,93.80776340110906,87.95493934142115,14.40860215053763,17.21044045676998
MVTec-LOCO,58.13145653887294,47.657841140529534,47.75967413441955,60.16427104722793,74.73794549266248,84.375,78.86629698089956,64.52749790494457,65.82661290322581,69.69050160085379,67.70347330222913,49.56369982547994,34.173387096774185
VisA,73.64952545511518,50.588235294117645,59.23141186299081,66.21848739495798,76.26827171109201,92.19251336898395,84.42622950819673,71.79638208506489,51.75292153589316,93.65558912386706,66.66666666666666,4.453870625662781,48.24707846410684
GoodsAD,57.02177907455964,44.698703279938975,47.808764940239044,58.43960990247562,78.9041095890411,86.70520231213872,80.54648054648055,64.87494994926767,22.86940527283875,76.90721649484537,35.25519848771266,8.825847123719466,77.13059472716125
Average,68.24830994122348,54.22167210706978,56.658889809014184,66.30039835162292,80.46513356541881,86.40007547200481,82.92390684302003,70.74548372705344,55.80962481379694,83.51526765516883,64.3950694495074,19.313004931349955,44.19037518620306
