,Anomaly Detection,Defect Classification,Defect Localization,Defect Description,Defect Analysis,Object Classification,Object Analysis,Average,Recall,Precision,F1,Overkill,Miss
DS-MVTec,61.30058411829711,47.96680497925311,63.118189438390615,60.098928276999175,82.57261410788381,91.8103448275862,80.46817849305047,69.61937774878007,23.246329526916803,98.95833333333334,37.64861294583884,0.6451612903225823,76.75367047308319
MVTec-LOCO,50.1008064516129,23.625254582484725,41.955193482688394,43.53182751540041,64.0461215932914,81.06617647058823,72.82809611829944,53.879068030623635,0.20161290322580644,100.0,0.4024144869215292,0.0,99.79838709677419
VisA,50.70951585976628,30.50420168067227,55.472013366750204,53.529411764705884,66.63800515907137,87.37967914438502,66.71418389166072,58.70671583814453,1.4190317195325544,100.0,2.798353909465021,0.0,98.58096828046745
GoodsAD,50.39852851011649,33.63844393592677,48.539176626826034,46.66166541635409,71.64383561643835,80.01651527663088,72.4086724086724,57.61526254156643,0.797057020232986,100.0,1.5815085158150852,0.0,99.20294297976702
Average,53.12735873494819,33.93367629458422,52.2711432286638,50.95545824336489,71.22514411917123,85.0681789297976,73.10478272792076,59.95510603977867,6.416007792477038,99.73958333333334,10.60772246451012,0.16129032258064557,93.58399220752295
